ID,WIKI_PAGE,Health_Issues,Categorized_Cause
ea15d5d35cfbb426abd8b1461417e650,Asif_Ali_Zardari,dementia,alzheimer
c2c41864c52ff9f6310e537083725b63,Murray_Waas,breast cancer,cancer
2ba6574ad7774a0370532b809bf477f3,Rick_Wakeman,cirrhosis,liver
5dfdc5f3317adf707c90d0e89268cf59,Tim_Walberg,abortion,reproductive
8a1df388700fbdc045627bcf92224841,Herschel_Walker,dissociative identity disorder,other
45c512fba6f069ce56ed24597c182337,Mark_Warner,health care plan,other
c919e3256330ae0ed64678d04f71fb14,Kanye_West,bipolar disorder,other
5342bcdf4f1007399254cdf9d64ffaa4,Leslie_West,diabetes,diabetes
a231439b94ad79a5e36c72ddfec3c1dc,Joe_Walsh,asperger syndrome,other
c7d1464b97f5dce0df9b94dbe65be318,Joe_Walsh,attention deficit hyperactivity disorder,other
cae1b6bd57e7451fb1c067a28c4c0714,T._K._Wetherell,prostate cancer,cancer
31684c27fc62bcf461e3d20a2fb25dc4,Charlie_Weis,obesity,obesity
c9ddf9f8598d29ffcf2ca8a1143126ef,Robbie_Williams,obesity,obesity
2aacd82bc505e6305a4843624710f343,Serena_Williams,pulmonary embolism,respiratory
47c0a6f3b1e487892755853d79315a19,Barbara_Walters,aortic stenosis,heart
a6625d0ad36f985b889e179369362bb1,Alice_Walton,oncology,other
ae1357ab60574861eaf2932a4d52dcb1,Deryck_Whibley,injuries,other
115df7279300985b73a3c33faa4d2e40,Bruce_Willis,aphasia,other
7bba3fea9896052bcaa0c82e66ccd870,Brian_Wilson,surgeries,other
b7bcdc75f74b89f878f8dcf888df6588,Charlie_Watts,throat cancer,cancer
7e4d40e061568a50f3730c88ce6e0336,Dana_White,ménière disease,other
d2ad175f324993d60cd5a01c0fd91bae,Stevie_Wonder,kidney transplant,kidney
182640f2c0240634d0b238db66d1124f,Rob_Woodall,abortion,reproductive
e31cbd8934c8850baf55e6da8aa45e59,Lynn_Woolsey,abortion,reproductive
5f8ba8af98b2078c36a9881c3e9c9a84,Zev_Yaroslavsky,type 2 diabetes,diabetes
60b3170de554e9b629a2b57f2a3d6846,Michael_York,amyloidosis,other
6a1b137ebd63001f4c401a2cca8e0a4e,Neil_Young,brain aneurysm,brain
c6c52474ae6ae621516b736ef89fa2f3,Youth,unintentional injuries,other
91ada8895a617b273f0e1f84d4f23292,Deval_Patrick,drug addiction,drug addiction
69f38253ee5e8e66221e4d2b19838e32,James_Rosapepe,covid-19,covid-19
0a28c92d3e75a5401aefd5ed67b663e4,Chen_Shui-bian,sleep apnea,other
64f2aad219c60cc3dbdc3811cf15514f,Than_Shwe,diabetic,diabetes
5cf422a1124313bc888e980dbcc21ad8,Bruce_Springsteen,peptic ulcer disease,other
9ac5b3a32577f3e8f2741f6d883041d7,Rick_Ross,seizures,seizures
01d9a7195c8657f8bf4ef770beaa0011,Dilma_Rousseff,cancer,cancer
c31aff50c19efdaf65fdc9382a971220,Bobby_Rydell,pneumonia,pneumonia
ed0fc0ebf5b475807a90e8219924f208,Steve_Stivers,abortion,reproductive
1f7d865d0e186b70a33e39cad0044b56,Steve_Perry,melanoma,other
556ce76eb0cccd2faef448e683e66175,Niki_Taylor,internal injuries,other
c91b2069130a04004cbeb290d7ffcf5a,Kevin_Shields,tinnitus,tinnitus
a1a091c199a121c17fbd1b7e4c2180ee,Jim_Sensenbrenner,pre existing medical conditions,pre existing conditions
e11dffbab3ad308d5f8b2c8f515e3f34,Melania_Trump,kidney condition,kidney
3d68c1615fd8716090216c13958a46c2,Maggie_Smith,breast cancer,cancer
310c1b597dd8b273dd8a87e795d5acf9,Steven_Tyler,hepatitis c,hepatitis
45e128495735d8edb65bd5addaa25cd3,Paris,health,other
bc10a17843d207e9f4fb7d3199dd5386,Randy_Travis,stroke,stroke
50e2176010fc2954b17b44d069372605,Jack_Van_Impe,cancer,cancer
49e77256a16591f4b08e4ca031cd000a,Mike_Quigley,chronic diseases,other
efc19c1e65b985cbde9fda148c8e4f02,Manmohan_Singh,health issue,other
fed5d13410abb6c1f7bb32e6eeff6b1c,Leo_Sayer,cancer,cancer
689ce040736c1ece1584128daf16799d,Kyle_Richards,covid-19,covid-19
afdb397b486d626c8dac3981ddc15ae4,Matthew_Perry,alcohol induced pancreatitis,other
e509a1e291887f7ea5acd0eb066b2438,Betty_Sutton,affordable,other
bdc465538ec9ab55776cc912ab0711d0,Charlize_Theron,herniated disc,other
ddafb34f1d54c3c11fcad01bc8442b7a,Chuck_Schumer,pre existing conditions,pre existing conditions
aaa66fd80a469bb1ba91570842ee07f2,Liam_Payne,alcoholism,other
dc95a9a2b0bad2d215b6dfdee019be7d,Harry_Reid,pancreatic cancer,cancer
64e23939f60e875ac695d3fb0c6cc6c6,Dick_Van_Dyke,neurological disorder,other
44a2d5272a078b6fc9f33f4ba15ea0c6,Todd_Rokita,covid-19,covid-19
bc4685a3bcb2399b37d1d835b733d6aa,Suzanne_Somers,breast cancer,cancer
d6a463c7284574cab29734f79833e15b,John_Prescott,diabetes,diabetes
6241e68030f5548ca6da4d93e2b895ce,Koo_Stark,breast cancer,cancer
ede9f0c296f8b9e284f0bf1b2bb49111,Eric_Shinseki,timely care,other
e20a15f895f82f2637043d85ea17a91e,Darryl_Strawberry,colon cancer,cancer
ef3779f7af19cae9600c600e9940670b,Elizabeth_H._Roberts,health,other
6f8a4c9fdefcc033a057d5967c23fa0d,Robin_Quivers,cancer,cancer
141eceb2aa3dedd14263463533ca67b3,LeAnn_Rimes,psoriasis,other
87064e2d2c8e0f4a484f19b97343ee46,Arnold_Schwarzenegger,aortic valve,heart
fe45f7cdf2a300400ef26ba0862b546a,Kevin_Sorbo,aneurysm,aneurysm
0c3b84e0db7e5158acc1ead35706d15b,Bart_Stupak,abortion,reproductive
0cf40344591d7ae78a7e28366055bbda,Regis_Philbin,coronary artery disease,heart
4bdaa8247cb1920b28b6440a28a09b74,Lars_von_Trier,parkinson disease,parkinson
8dae9780c57253182e4540249f8c0e35,Dana_Rohrabacher,preexisting conditions,other
78045d7b74a382aa089fe5aa90118ae0,Brad_Sherman,health,other
170ef37716a76a9a7c08d88ae03f8da8,Paul_Rodgers,strokes,stroke
f2f8d1cb518b1f32e75b8ee2626bdd53,Rick_Ross,seizures,seizures
8346fe3c228ca7a8a12e7f196f37b9c4,Andy_Partridge,obsessive compulsive disorder ocd,other
d64fea47adcc8768dbb01016fad95037,Göran_Persson,hip osteoarthritis,other
0a56eb095efd03fe0ab45af2e2d34154,David_Petraeus,prostate cancer,cancer
8e9dd2fa264a727800772309ebe83a94,Jay_Stewart,suicide,suicide
a91a1402ebff8567e0a6b5f87eb6afbc,Tim_Pawlenty,cancer,cancer
ce22b97985517392bf886008e58ce0cb,David_Satcher,breast cancer,cancer
d864fe49d62b0df94e865d00d46fecd4,William_Shatner,tinnitus,tinnitus
25a940511999a7ac4d4cfc469ccde07e,Marc_Summers,leukemia,cancer
715f3f1cc98fc00234c2ec1b12a05524,Sarah_Palin,abortion,reproductive
b3fde98a2c53239fd2ee22018ebf585c,Ryuichi_Sakamoto,cancer,cancer
339b2b3f9f42658674d7af9086a5f35a,Chris_Van_Hollen,women health,other
b7ce6570ebe7ba19876891feef124a84,Rand_Paul,pre existing conditions,pre existing conditions
02b9b9fdf920ee9e6eb65ae1d12220f7,Rick_Snyder,digital health coaching,other
52a79542abf828b378dd818bfbee9280,Kevin_Rudd,disability,other
c08782148ead09c24f6e6c84be304000,Ann_Veneman,nutrition,other
1cc4c81db74d6e26f44e00b0a994edaf,Danny_Trejo,hepatitis c,hepatitis
2c58c4fcdeff34f354e49ede01f1a731,Sachin_Tendulkar,cancer,cancer
781125ebb4c0a0087710ab0bfd9145b2,Mike_Simpson,covid,other
bcc2ed783119e73672acde7ff42830b1,Terri_Sewell,covid-19,covid-19
75ed3a48e9c0d09cfb00d24f03fc38f9,Jenny_Shipley,diabetes,diabetes
7d708bed0da488f9405539513fc83f05,Allyson_Schwartz,reproductive health,reproductive
a10bfc3597b0c2fa815e5f0746b16bbf,Michel_Platini,flu,other
004354f01025ac9349cae6fb02e9970b,Kevin_Smith,heart attack,heart
8f75b4006f77df744cb90ea5f8bb0595,Earl_Pomeroy,present system,other
bbb83f5b20f4c1e4228f563e4412ce56,Pelé,tumour,other
e49ed64fb7f3935f3bd6df0ad5177a72,Mike_Pence,lead contamination,lead contamination
a825af58f11c08af1ce9bec24cbeada9,Vladimir_Putin,parkinson disease,parkinson
029bb6bcc36e76828eb988541b005a85,Harold_E._Varmus,aids research,aids
40b6b7dace783e6b09f9cbce15950d5b,Kenny_Rogers,bladder cancer,cancer
e9e49d477f658f2e0564d344765487e9,Valerie_Perrine,parkinson disease,parkinson
337cd8a717e4b3063feec47d936a0889,Fred_Upton,covid,other
c25a3e729cfd7766e7baf6d71c406468,Debbie_Rowe,breast cancer,cancer
cdfff410d968016b04723f340dc4efbb,Kurt_Schrader,drug prices,other
d7e7fde2bd29fc2577c3da9af4acbddc,Anita_Pointer,cancer,cancer
af945a028ebac785d0c73b0e780006d7,Rex_Ryan,obesity,obesity
2a1b51846fa5ce0f8e6f15523a35a585,Lamar_Smith,cancer,cancer
e510b0a2dc870ab69b45b54a7ce60b21,Tony_Shalhoub,covid-19,covid-19
4571a54cc66a5d14b779bc00a45f3dd5,Chuck_Strahl,lung cancer,respiratory
09db4fa96c9186203a0094caa0326cb9,Stefanie_Powers,lung cancer,respiratory
168eb231966c9f833e18c6241a5962c3,Bob_Uecker,heart surgery,heart
dee1af341458321baa73848739f0785a,Mike_Pompeo,coronavirus pandemic,covid-19
ffb8eab79cce86eeb3236cd8847fba8f,Mark_Spitz,acid reflux disease,other
f7933915c9469088f7f5859f895826e0,KT_Tunstall,hearing loss,other
8484a720218bfff79e2a98c0711341e7,Jay_Rockefeller,alzheimer neurological disease,alzheimer
06a67e149e66582388d36ecdd702f5f8,Jesse_Ventura,blood clot,blood
624a7da52375a465eee79b0bab7f5e64,Joe_Sestak,brain tumor,tumor
bb85c5aa2707c96b1f9bd5401fc7863e,José_Sócrates,smoking,tobacco
ad914fd04060a1137ecc9b34791ec47d,Jeff_Sessions,hiv aids,aids
1578375e93e389df0886ede11fcd8ee3,Brooks_Robinson,prostate cancer,cancer
c7890ba688ba5332d02a3170d6f9984e,Cristiano_Ronaldo,injury,accident
3758b17554023777ef560e46735ff4ad,Al_Rantel,lymphoma,cancer
3e38df3867344a180058e0a28300407b,Mandy_Patinkin,prostate cancer,cancer
67975a49efe05d5004011d698665a9ce,Tommy_Tuberville,abortion,reproductive
4c9484491ed876066c000265c6c11092,Charlie_Sheen,hiv,other
b7ca0ad142db6c27afeebaee624b3ee5,Mike_Patton,injury,accident
ddfe193e95cfe65e8b90ce1cdbd377aa,Jim_Guy_Tucker,severe liver problems,liver
1a9b9d4950a06800b398d2c672933d41,Ron_Paul,influenza,other
5e2d929fb99ebcd62cb7aaf315c29ce6,Al_Roker,prostate cancer,cancer
ce6dcba39edc60266bbf5af38e13f769,Pat_Toomey,cystic fibrosis,other
40dbe9743358d7c95e068bb38f777c7b,Rafael_Nadal,knee injuries,other
b250b8b5c44ba0653f820b62cd726a45,Hosni_Mubarak,cancer,cancer
bcbf68d5e24d3124680269f53284a83f,Mick_Mars,ankylosing spondylitis,other
febb2fe5335bcfec79b8d5e2f16f6795,Ira_Magaziner,access,other
bae21354c12021758e1d411645158bf4,Mary-Kate_Olsen,anorexia,other
0196ec3676cf98da7e8e1d19dd5ee734,Jennette_McCurdy,eating disorders,anorexia
55e310d05c8139e7680a80a46716f73f,Alan_Osmond,multiple sclerosis,other
93533238432b7aec73ea6b6af1752f6f,Lee_Majors,heart bypass surgery,heart
cda5d3e779e26693e4edc1279abec80b,Princess_Michael_of_Kent,lung issues,respiratory
f723bb9a5b467ebe03e39e36ea4ef4c1,Bill_Maher,obesity,obesity
32de2c185f1d1f24eefbeae2d1a4d7a8,Bam_Margera,alcoholism,other
fb077d836391b2c8cab7f9203e34fb98,Howie_Mandel,covid-19,covid-19
ae081dace0f32fdc8121e34c619f5fea,Susana_Martinez,fraud,other
1633dc18baa3641564736fee250f6003,Martina_Navratilova,breast cancer,cancer
e0e84bc881f6e48c8a1c1ca80e9eee41,Walter_Mercado,kidney failure,kidney
5e53fdab7855a85a8b0fe430a70255f3,Margrethe_II,spinal stenosis,other
7f0c67d7c47e9d35714984a3f51a7059,Bob_Newhart,polycythemia,other
a5b36e5118e0c1a84612c23c6675bc3c,Peter_Munk,cardiac,heart
4430c3cf0d7be4799b788a5bc2e028de,Bill_Nelson,zika,other
3c5e1fc62691417b683fd84beca33fdf,Jeff_Merkley,breastfeeding,other
3f62054853b3c1b4bd0847dd4223472a,Kylie_Minogue,breast cancer,cancer
2112058d67cdf03a0d1ae02a255040a2,Benjamin_Netanyahu,pacemaker,pacemaker
fcbba4f1411691736935939a1eff82a9,Mitch_McConnell,mcconnell heart bypass surgery,heart
8a0954c71514767b283bb6e6ef5712e3,Claire_McCaskill,pre existing condition,other
2153afb72383224831f7d5964a5a27ba,Andrew_Marr,malignant+ tumor,tumor
5bb58cf84115f668c7eac49f173ab3a5,Bob_Menendez,pandemics,other
6d7a2d3bdd031acbbea5d65796f68d02,Patty_Murray,contraceptive coverage,other
5ed37e93210fcb4d56667370becdb77f,Ben_Nelson,health care legislation,other
a895a7d5ae5914f1c12035945bd474d7,Sharon_Osbourne,colon cancer,cancer
cec74740e74884a808a68ecaeb279f63,William_W._McGuire,backdating,other
1be21d477fa7aabe58169146a68066df,Shane_MacGowan,alcoholic hepatitis,hepatitis
565a82987fa01424c53e40ed61dcd9ee,Rosie_O'Donnell,heart attack,heart
b0a64f35613e6249900fa46e626ea077,Marla_Maples,covid-19 pandemic,covid-19
a9ae90697b0dc0a08462e6c17f77d123,Empress_Michiko,breast cancer,cancer
6600cbef3ff8bfe1e25917ee0909539a,Tracy_Morgan,diabetes,diabetes
d83bd53d24efd661a187cdc2aaf9a6d5,George_W._Bush,cancer,cancer
66515667535287c0e8c07b75fc027cec,Shirley_Muldowney,lung cancer,respiratory
acc3300fb9a169d2827855ebf13dab62,Ne-Yo,tendinitis,other
28dbe3b854598964e080619fe5d82804,Carolyn_Maloney,cancer,cancer
145f93240952f504f14307b97e2b7357,Ted_Nugent,covid-19,covid-19
ad0bfadae15e768fb44411c840971153,Charlie_Manuel,stroke,stroke
1c9f58de4e802305fcc8a5686ef61644,Mike_McIntyre,cancer,cancer
652f274f09cd531f092c1122f72b0f7e,John_Milius,stroke,stroke
7a12c971208a47758374ee488dbde990,Nichelle_Nichols,dementia,alzheimer
97d414d51a7b8c9596f02cafd254741d,Joni_Mitchell,brain aneurysm rupture,brain
5fa092051b86468b74f6b9f2ba57bf6c,Patrick_J._Kennedy,mental illness,illness
57030fb81e44dc0fc7a4525557ba4a75,Grace_Napolitano,mental health,other
581a2f007dbc889ee6d8607245aac1d1,Hayley_Mills,breast cancer,cancer
6959d760f7894285741c328466b2a10a,Mikhail_Gorbachev,diabetes,diabetes
21fb25e77f9f53216b0f7be672c48c69,Rob_Halford,prostate cancer,cancer
8c9340ccb6c377e4f11a2b42e3d49d65,Savannah_Guthrie,covid-19,covid-19
8f6ea09d28689ab00a0ccd6cf84d14c8,Melissa_Gilbert,breast implants,other
4e81c2b7a7b51e07379378773e19d2e1,Bret_Hart,prostate cancer,cancer
2691b3e6b790aa5753a72cf988d95014,Kathy_Hochul,birth control,other
ad8caa88495f8410b389e59d2bda73c5,John_Garamendi,health,other
f1e228f61e7276cfdac669ecf002ad22,Kelsey_Grammer,substance abuse,other
d12a90385ea1ed6552641e7182b3ec0a,Gene_Hackman,angioplasty,other
c46edec90f1b63c6ab5598b4534870c8,Teresa_Heinz,breast cancer,cancer
f832454d4ead43e8e3bd8798ed26f1ad,Bill_Halter,uninsured,other
2eb615a48610fea49431bb6e99844499,Carrie_Ann_Inaba,fibromyalgia,other
6eb8e52fd218ee7f30e4ef0d6e175756,Tom_Gegax,cancer,cancer
06944692fe68b5174d934f55b2a1a31a,Dave_Gahan,bladder cancer,cancer
eba3c02c1c4ee6e8a13faff96b460ade,Mark_Hoppus,cancer,cancer
952855a76c4282f1b3b445d0ad27b152,Julius_Genachowski,telehealth,other
d26efea472341369347b18399321e016,Lindsey_Graham,preexisting conditions,other
6fd0dc764599b40b685b347d287c61fe,Mazie_Hirono,kidney cancer,cancer
bb24df0a0dcd3b695f355866bb38b3b6,Mike_Honda,hepatitis,hepatitis
87c2e0192a2796fb2ee6349a5eb19d23,Anne_Heche,mental health issues,other
58fddb3c02ed01c9c216047ec6835164,Dennis_Hastert,stroke,stroke
03bbf69b9a5bea1622f7be0532b6dc88,Gregory_Itzin,heart attack,heart
dc8d9235d2c445bbe40dbe28db5b318c,Sarah_Hyland,kidney dysplasia,kidney
02531260f1501acf98b6888da1fba056,Jeff_Garlin,stroke,stroke
66b9956534f32afc0bd1f40101a5f4a1,Tony_Iommi,lymphoma,cancer
971a2145d2e9a57f9caf467049b808d1,Dean_Heller,cancer,cancer
75443e9ed621ee7c8026a173e2e47fac,Michael_Gerson,kidney cancer,cancer
d6ecf49f44ff4aa3d4ce924e2ab1c7e5,Liam_Gallagher,arthritis,other
49f95076f3672939add72b6c3f7e5880,Josh_Homme,cancer,cancer
8e185c40f58e927e9aca81e4e900c382,Ólafur_Ragnar_Grímsson,angioplasty,other
214a9bd443dcae796f2d86f34be13cc0,Julia_Gillard,mental health,other
81e8547ef2adcf08729751dcbf15b388,Paul_Gosar,water fluoridation,other
f84dcaa3583121078d8fd88ace23abd9,Selena_Gomez,lupus,other
213e2d43683fef10af3de677b1f77d66,Françoise_Hardy,lymphoma,cancer
293ebf9a53fbb794f90a52a844b75e92,Teri_Garr,multiple sclerosis,other
7a8b77cc32d9b4289a853c925fa3fbe3,Hulk_Hogan,problems,other
f8f86502620e04fdf2ae851de4f3600e,Paula_Abdul,bulimia nervosa,other
98543cbaad865f5c1b1c6b26e7d493de,Kareem_Abdul-Jabbar,cardiovascular disease,heart
9217d8981f19cc6858dbb35e4a5e31f2,Peter_Abelard,nervous collapses,other
d3b89c756c1e0fb65b34aae0ba5abe0c,Gary_Ackerman,hiv aids,aids
ce4d082654c58c04bbfc6583594146c2,Ryan_Adams,ménière disease,other
80691823512a49daaae059135587c910,Robert_Aderholt,tobacco,tobacco
5e269ddef27882d75647c6128893648a,Ben_Affleck,alcoholism,other
6a47ec524d6c6872728c94b05cdb49b6,Martti_Ahtisaari,alzheimer disease,alzheimer
d8f6343dbfd3914aad3e985bf3cf3ee4,Todd_Akin,prostate cancer,cancer
ecccff156039c6e460921dd27e042688,Justin_Amash,health issue,other
df67ae34057d4f42cd01a91727162cf1,Rona_Ambrose,medical marijuana,other
273898100d616fc9a84abb8be9f38de7,Amenhotep_III,arthritis,other
261224b82d162f034dcb3a4eaf39c9c3,Jon_Anderson,asthma,other
0a54f716b9eb7a6c5962e0980906c001,Louie_Anderson,lymphoma,cancer
b42cd09e80ae40dcaf07251e32f63546,Adam_Ant,mental health,other
4bf5760aadd4ee0f65381631e481c4de,Christina_Applegate,breast cancer,cancer
2f6d81c6d54dc9fd8346317a8264ae27,Jean-Bertrand_Aristide,infant mortality rate,other
55ddb3a274f49b63e076886144015630,Dick_Armey,uninsured,other
83c1e07686cc835cb575a02eeac3bc57,Kelly_Ayotte,opioid abuse,opioid
9289fa9fe62a61dc78d63ffba2b7e4b8,Mitch_Daniels,smoking cessation,tobacco
8fca6995b8bef72ff626c15646485dff,Gray_Davis,electricity crisis,other
f48b1db85430f41618ecaf99f39620eb,Blythe_Danner,oral cancer,cancer
9598e76bdbb4452cb59177ef97869a6b,Jonathan_Davis,covid-19,covid-19
ae7b2a14d408c66ebdc05da2a12c49c6,Eddie_Deezen,pneumonia,pneumonia
ace75e36529e15b6b9a48ddf002c4fd6,Scott_DesJarlais,cancer,cancer
1d14d3dbec410a6770041c4b8de7c210,Rosa_DeLauro,obesity,obesity
71216a1a13897988f9527e60a57bdf16,Celine_Dion,stiff person syndrome,other
dd53da96df791b76b2ad478c12e743a3,Alain_Delon,stroke,stroke
8fd528e60f7012fd55560ce85e3a40eb,Tom_Daschle,health care crisis,other
d5ef2505fa7cda6ccc55eac01592203c,Rocco_DiSpirito,sciatica,other
e48c2a2a14ed4f051bf9e915b578c1ec,John_Doolittle,uninsured,other
9c8e2a23e2efe2d1718984791a819157,Mark_Dayton,health care coverage,other
506ac7e5e1bfc4a3e7884dad277a1ec5,Eliza_Dushku,alcoholic drug addict,other
6beeba17bdea190f2998f08eb8ecb78c,Sanjay_Dutt,lung cancer,respiratory
4cf54de1051d7ac078ef202316cfadff,Nadine_Dorries,covid-19,covid-19
1ac40a8cbae5065aee2aeb96babfd73c,Tony_Dorsett,traumatic encephalopathy,other
f0e89d72284adc4311519d28543b9df5,Dave_Davies,stroke,stroke
120eac2f8ed721d63760feff0d94b0bb,Kirk_Douglas,stroke,stroke
e4d3295a4414fc8534a126b79fec4601,Michael_Douglas,throat cancer,cancer
a7c5e829c902b69443b8b4a1c4dd56ff,Jeff_Denham,pre existing conditions,pre existing conditions
fede1e394366f12ce2885f6efe4274b9,Shannen_Doherty,breast cancer,cancer
4b207bb591d204a372dd3002cfbeefd4,Bob_Dole,prostate cancer,cancer
9a38246faf18ae9683cf354ae3284156,Marianne_Faithfull,breast cancer,cancer
f06ecfdcef6c8271d5fb3d689b630c46,Lola_Falana,multiple sclerosis,other
78c3066180ec9f0c7a46276b44f21c55,Jimmy_Fallon,ring avulsion injury,accident
41401f9c6b6f06d74f3b04e86b862ea4,Louis_Farrakhan,prostate cancer,cancer
44431247f7daded3284c0f3ce90f65c8,Roberta_Flack,amyotrophic lateral sclerosis,other
f35f13f69b44406fcb36647fb6a10a6e,Brett_Favre,concussions,concussions
4200ad63c1b3a39849cddc746ceebbc7,Michael_Flatley,cancer,cancer
59fdb44aeb6043304cec0316dfd97430,Roger_Federer,knee issues,other
e7ef1443dddb55eb8566adb19c9fca88,Renée_Fleming,neurological disorders,other
a090812fe343982b608001f9ff5464b8,Stephen_Fry,prostate cancer,cancer
1d84ef040505cb6177a29fb0ff12af97,Flood,waterborne diseases,other
37d38bf3959f424e5f2905a264db3095,Chris_Frantz,heart attack,heart
1fd79784d8db93f743cafdc6be81e1a5,Jeff_Fortenberry,type 1 diabetes,diabetes
6b98163b5157ef086d4b15ce92bb1d11,Jane_Fonda,breast cancer,cancer
3d734efb1783837f0ddb896e3c4d4c8f,Liam_Fox,cancer,cancer
056c31121d02f79fdb4c5693d088dfc8,Rodney_Frelinghuysen,pre existing conditions,pre existing conditions
034cd8513ec57f030ea82e0abbac4140,Vicente_Fox,covid-19,covid-19
c1f3990ceeaddf4546b6fe2d080a306d,Terry_Francona,blood clotting issue,blood
78391743bf84cc4d7f606fbc01085266,Clint_Eastwood,heart attack,heart
73fe9fe699b74c1ccfe74c1e4e583faa,Edwin_Edwards,pneumonia,pneumonia
d0f70c8d39b7539babd43aa06acdb7fe,Zac_Efron,insomnia,other
b7d04bfcac1a5dc7defd980c46c6cb77,Eminem,drug addiction,drug addiction
ae11085dc60c623189cc9b4fa601ef89,Linda_Evangelista,breast cancer,cancer
f0a8542a2fdc08992568f7d58645c619,Eliot_Engel,gestational diabetes,diabetes
11201d5b1cbeaae9090d0408952cdecb,Robert_Evans,stroke,stroke
79ef0af15d5b53da3851e094f0f7ad65,Joycelyn_Elders,breast cancer,cancer
51d4884672f6f4dadc9c7381957e2c43,Mike_Espy,hospitals,als
6016a1fc09d12fa0aa1ccd709d603545,Amitabh_Bachchan,myasthenia gravis,other
dcdd542a7dc97b01de19415a3bb27b72,Jeff_Bagwell,chronic arthritic condition,other
419319d6107416a2d1f76b2a3b7823de,Bob_Barker,alzheimer disease,alzheimer
472c013fbe1e4874e3d67dc70a8f0c2d,Lou_Barletta,preexisting conditions,other
ebbfe592789e4441771e619a37f5910b,Silvio_Berlusconi,leukaemia,cancer
36e9be5b152581218f265f5d1f9a1c98,Pope_Benedict_XVI,stroke,stroke
e285e5c5190a46a70b78383d77f21865,Kathy_Bates,breast cancer,cancer
30bdacdea66622eb90224c3e9405b19c,Regina_Benjamin,hurricane katrina,other
f0200c7f279868e02fe0a336e7d2bb68,Kathleen_Blanco,cancer,cancer
d7a25749ebe201d8586c38c580aa0ab7,Jeff_Bingaman,health reform,other
cf060a7a39fa8fdecf12224fa750b1e6,Antonio_Banderas,heart attack,heart
aad26ce4dfb6b88e13c75fb030da92a3,Brian_Blessed,pacemaker,pacemaker
1b6bd8007f9d55f37a072a82523c753c,Meredith_Baxter,breast cancer,cancer
77bbadfbe022165cfa609094cd15a238,Robby_Benson,heart murmur,heart
63254fcb83d1b5ea31abe9499a3c6928,Leonard_Boswell,mental health services support veterans,other
814221f2ac2a9f42b4bd510b2562ce79,Danny_Bonaduce,hydrocephalus,other
4ff9b4785d1427d8c008e7ea2bd2fba7,Terry_Bradshaw,bladder cancer,cancer
a09451c68a54f39f59c82f4fcf26ce0d,Michael_Bloomberg,tobacco,tobacco
b37fbd0b38712be1a1bb0960bc54aa94,Kristen_Bell,anxiety,other
9cb2b236e35548bae91bca90065acc60,Eric_Braeden,bladder cancer,cancer
d13c588cc19bd87a23a75e6663b7c570,Christie_Brinkley,hip pain,other
a62964577289c2b30ef32814911f7691,Jay_Black,dementia,alzheimer
3016d3a7ac53f2163b4cf6d68326fe5a,Richard_Branson,health services,other
c3a71a9624772222b88188b52e0ba2fd,Bono,glaucoma,other
883a3fb05831021633e14833e0cec51d,Justin_Bieber,lyme disease,other
bb81638940447d5ff9353c3186a26be0,Larry_Bucshon,abortion,reproductive
718a4ab287a9e6906418fd3ddb772b2a,Stuart_Bowen,fraud,other
d418559cd4c4e7d93582c25338154e28,Selma_Blair,multiple sclerosis,other
2794e02ce70d9014a2419352c612ffc9,Richard_Burr,covid-19,covid-19
f37e18204e44d12786bcdae462946f36,Warren_Buffett,prostate cancer,cancer
a55e7d9c6457f2cb942754654b04369b,Toni_Braxton,breast cancer,cancer
c0cd50f5e800b3997ece5ca44ff9ef54,Angela_Bofill,stroke,stroke
cce3f5f491390de41f32961f5267d184,Sam_Brownback,abortion,reproductive
2a9948c7e6f83c10cf9b4d61c58451b5,George_W._Bush,obesity,obesity
e5f9924d28c71dc65a9ee57c7639c882,Jeb_Bush,medical liability,other
298996feaba7cb1ae830d844ae928bd7,Laura_Bush,heart disease,heart
e7dc54f5d87b6ad6e678672f1e653f22,Bobby_Brown,bipolar disorder,other
aacfd85eb55755ccb3b17b6f01fd4ea4,Mangosuthu_Buthelezi,hypertension,other
a16ecef267a466cfd951d15f78850c0b,Sabrina_Bryan,nutrition,other
f16e3d61f9dac00cdde625a10a7e351b,Chris_Brown,bipolar ii disorder,other
106c64609a8a03b8606993eda74cfdef,Richard_T._Burke,hospital admissions,other
1edea3b7261fd190b4240528073e4717,Ruth_Buzzi,strokes,stroke
757a004c5916770813c397616b7da77f,Brooke_Burns,accident,accident
381d800e1343f67abeafab37fc2e47b9,Junior_Byles,prostate cancer,cancer
52d2b32d184d80d0aaa130f2acc1ab3a,Amanda_Bynes,bipolar disorder,other
0ac9695b867aef06fc4fa47dd5b50736,Julius_Caesar,epilepsy,other
3f8d270f5bc4e0f7f65267177580b89e,Felipe_Calderón,swine flu,other
30f6944bf85ffff1b001a10b0f79ad7c,Jim_Calhoun,prostate cancer,cancer
1440546cdccbfb35d23f91b29233bf0c,Drew_Carey,chest pains,other
22d9e6f4109916285ba5789e5da0e369,Aaron_Carter,candida infection,infection
139745d6e4b82aaa12b8edf120540f49,Earl_Campbell,arthritis,other
e1cd0e2d93e2945df00413511d7618a9,Carl_XVI_Gustaf,heart,heart
f5cf6f472bc616d752302c98ca6d4c16,Belinda_Carlisle,addiction,other
c1e75b6494f017e3aca6772d1ef091a4,Rosalynn_Carter,mental health,other
deca363604453671b27b660ae21228ed,Orlando_Cepeda,stroke,stroke
df6e42475e8c4ece7e4fe52f966bd60f,Chris_Carney,affordable,other
764b53f9500fd5d9cbb1c32b320313e5,Exene_Cervenka,multiple sclerosis,other
3462dde8d5bcf2e498c87f3d1894c192,Tony_Clement,autism,other
fe788a64a8ba22842eb81a3228405556,Rosanne_Cash,chiari malformation type,other
0037039966d562cca0953b88b5bd7f74,Maria_Cantwell,health care reform,other
51c4ee31d91c86de8d7863653682ca89,Joseph_Cao,abortion,reproductive
03c538fdd5a2e4da9b487a4051abde11,Shelley_Moore_Capito,opioid,opioid
37a1f27952440b58cda8d301aa387372,Richard_Cizik,contraceptives,other
2e4d8558e11549aec4c8e14200f4be3b,Bill_Clinton,sepsis,other
a5e6bdf5bf836f7e460e857008a7f7d1,Paddy_Considine,irlen syndrome,other
08197222f4d88a32323ba65bc0bce130,Glenn_Close,mental illness,illness
7388a63995e7e3a508ad24b83fe06eb2,Patricia_Cornwell,depression,other
3c0448e7baaffcba0bdb69c1d775b18b,Dick_Cheney,cardiovascular disease,heart
7ffea5117ce91fbaf0ccdb6fe4e9989d,André_Carson,access medical care,other
5077d124cbbf38a0c73c05fab36ed87d,Rafael_Correa,health,other
65789b8916cd12545be7bc431bc1fccc,Helen_Clark,covid-19,covid-19
abb7d32f68cdc5f35411486d57bf21c6,Phil_Collins,diabetes,diabetes
1fd56796b8fc1d7480f0a7d201dff3e3,Susan_Collins,substance use disorder,other
ba8e9789529a26855a665b68a95c79e3,Jim_Costa,medical school,other
4c21f0b17f2e0a30df8e8abcf96e5855,John_Culberson,preexisting conditions,other
b14d8ff517867a6fab03eb7f69d53914,Elvis_Costello,cancer,cancer
510e4bb9364815814a11ea732fbb9d1f,Kenneth_Clarke,contaminated blood scandal,blood
5f857e0fdb130f87d84e9853390d99d8,Deepak_Chopra,cancer,cancer
5beaba77f6332f9807321725406f8ddd,Robbie_Coltrane,obesity,obesity
b3613af789ffddca227e735d588ddfe1,Stephen_Colbert,covid-19,covid-19
d3ba8c11c9aba7e4e43711ac6420a3bc,Brian_Cowen,overcrowding,other
ef9f4e2733b1e8ebec25e08caf9b9aa7,David_Crosby,hepatitis c,hepatitis
0842c26183fa0045a5964d95e55c4762,Billy_Corgan,mental health issues,other
ed6dc5083b17eb0c802e4fd6b168e947,Bob_Corker,health care reform,other
91a7ed3acf64c24920353d8f825ef217,Tim_Kaine,cervical cancer,cancer
6604da0b1845b966e020282e7719e7aa,Khloé_Kardashian,migraines,other
66dc0134c81d208e2b5cfa45311c8075,Kim_Kardashian,pre eclampsia,other
f28812bb2b1296c5c9afbeb08951f582,John_Kerry,prostate cancer,cancer
57731bafb295f525b5daf442fb7447da,Cristina_Fernández_de_Kirchner,bipolar disorder,other
4202836788f077c908bb442746b102a2,Howard_Kaylan,surgery,surgery
73f404c0a2ab79b6debdac146829d13c,Mwai_Kibaki,stroke,stroke
b2433db80e874f07e3d0ce17550c371d,Kid_Cudi,depression,other
c1158e0af9d49ef2d14dfe2f3138e4f5,Anthony_Kiedis,intestinal flu,other
784cf045897a32d45da225e692bc6257,Val_Kilmer,throat cancer,cancer
9e6ffa5cca233015e71fe903fb5af898,Jim_Yong_Kim,infectious diseases,other
0be718793d8b424b9b2de5717f5eb858,Dennis_Kucinich,uninsured,other
ccc62f96078ef4a1a93d3b0b4e3ace8e,Hoda_Kotb,breast cancer,cancer
2b9a10db7a2e508c9e63ca96f7c8220d,Ray_Kurzweil,type ii diabetes,diabetes
38fb9907224e2b2419e4eecc52db190f,Ashton_Kutcher,vasculitis,other
d59a365aa8e7f2f5d2375288b6c86993,Jerry_Kramer,actinomycosis,other
356496a37077f683f11819d40922a707,Aung_San_Suu_Kyi,toothache,other
3d21199fae600ba9c2484a643e14ce0e,Leonard_Lance,cancer,cancer
1f8fd66cefd9d5ca0a93978c3dd52389,Barbara_Lee,abortion,reproductive
8f5722dc488561051fa0fa9a482e667a,Paul_LePage,cancer,cancer
473248323ff41d6f9d9b7b1b9b52c66a,Avril_Lavigne,lyme disease,other
772754d12175969e7c16904020c50db0,Meat_Loaf,asthma,other
a8a0918d3f419d87fc6def0da1b8fa85,Carl_Levin,alzheimer,alzheimer
0a30e3c8f5d5f2f814deec8f8386fb60,Demi_Lovato,bulimia,other
6ba6c5e28f8741d879434b5a78a26461,Heather_Locklear,anxiety depression,other
bd8e1f9f699b9100b8c3200673955124,Martin_Lawrence,exhaustion,other
d6ef14865529aefe31b82c4a2420b4e6,James_Lankford,premiums,other
fdc3d1eb4958bcd06d48c31b4a052c7a,Chris_Lemmon,idiopathic pulmonary fibrosis,respiratory
4f59b858a8f082551a3c104346fb9cb0,Loretta_Lynn,stroke,stroke
c9922c08d7853a277a870c85d5ab95dc,Natasha_Lyonne,hepatitis c,hepatitis
02b8834978c91ecfddbdefab025da23e,Brian_Littrell,congenital heart condition,heart
3fd9761c6e1317020ff0280b18ad9bf0,Lorna_Luft,brain tumor,tumor
fd98fbfdeb10ef6c0cf7d95288aef672,Cynthia_Lummis,covid-19,covid-19
db2d6b2db0566d7b0ab28eff5a675e68,John_Lurie,lyme,other
31bbf7062b895134b020ca71efe35c38,Violent_J,atrial fibrillation,other
90e31bffa910d8f06a7e30e0930fcb08,Lawrence_v._Texas,abortion,reproductive
6d2585803c01856a81bbf753644466d1,Shirley_Jackson,coronary occlusion,heart
7fcd60c0da8750a4128e3521b033f062,Wanda_Jackson,pneumonia,pneumonia
3b8f3c448df58a1e86dae7252fc2be7c,Jeremih,covid-19,covid-19
7c99e9c077ac7b02202c6ee175e08d75,Ron_Jeremy,aneurysm,aneurysm
47c79ea5dba659edf9ce2d91b5fa00d4,Jessie_J,ménière disease,other
18a7d69ca8f2050d290ac78b397f4011,LeBron_James,benign jaw tumor,tumor
7d65e796602d997a705e75a3b06f3e4b,Penn_Jillette,blood pressure,blood
e2b82b7346ee8473522a5b2781aa1244,Ron_Johnson,covid-19,covid-19
78350932b49c98bd5ee632c56aa21185,Bobby_Jindal,childhood cancer,cancer
45b71c1fe68d34879ea73585da5ff44e,Jim_Jordan,opioid epidemic,opioid
3cb5e01ae5f8ac7fe055ddbcfdec2d51,Billy_Joel,depression,other
90eca2a0a80be34303bda5b7c02b0c0e,Nick_Jonas,diabetes,diabetes
ba1d2a43dfee65b0bb4c412d5109fb48,Daniel_Johns,anorexia nervosa,other
7c982f32d03eef4b39cc22e8e03a0f80,Glynis_Johns,weight,other
684967b6c4ad3613f642eb474a4afe19,Alan_Johnson,breast cancer,cancer
3a3438c70432ef4b919fa8f01eb32135,Luci_Baines_Johnson,guillain barré syndrome,other
bf57a4750f6cb85c04e31460dc2f58b8,Jordan,cancer,cancer
